B,  3.587835,  4.889820
B,  5.690998,  8.935447
B,  4.624632,  6.953720
A, -8.799770,  0.212032
B,  1.767640,  5.294618
A, -0.112767,  0.101961
B,  0.254113,  4.608271
A, -7.092116,  0.651626
B,  7.354823,  6.695409
A,  2.145649, -1.175732
B,  2.690029,  7.730117
B,  3.965009,  2.741003
B,  5.243023,  6.850650
A,  6.260388,  0.176490
B,  5.533294,  9.171696
A, -0.250450,  0.094406
A, -4.522850,  1.640780
A, -2.758504, -2.032161
A, -9.084471, -1.167861
A, -0.400036, -0.862693
B,  2.236872,  5.510576
B,  4.577682,  6.409871
B,  0.075576,  8.603178
A,  2.616558,  1.137525
B,  2.589174,  7.458225
B,  3.167913,  2.809412
A,  1.456049, -0.514210
B,  5.919906,  2.007467
A,  4.645023, -1.819351
B,  0.450945,  4.825863
A,  1.542380,  1.901250
B,  0.965740,  4.718620
A,  2.440213,  0.444863
B,  5.386310,  6.454115
A,  5.132868,  0.218767
B,  0.670766,  2.096548
B,  2.085769,  6.035494
B,  7.595318,  9.625614
A, -0.341790,  0.602786
B,  3.512999,  8.207408
A,  3.290207, -1.062408
A,  0.543164,  0.201747
B,  5.249906,  7.322273
A, -4.143949, -0.131241
A, -3.120736, -0.234642
A,  1.383989, -0.011839
B,  5.317207,  3.882117
B,  2.376298,  7.435370
B,  6.066575,  8.069246
B,  2.892557,  4.870403
A,  1.839700, -0.521877
A,  0.279795, -1.643063
A, -3.256403, -1.370056
B,  6.514710,  3.059622
B,  5.739775,  3.943540
A, -5.730101,  0.674355
A, -7.362257, -0.335262
A,  4.747127,  0.019398
B,  0.939818,  2.618843
A,  1.493099,  2.106856
B,  3.430851,  6.704187
B,  0.990076,  8.692041
A, -4.321675,  1.738943
A,  1.371949, -0.525376
B,  8.266080, 10.709150
B,  1.760142,  4.286977
B,  4.704178,  4.495565
A, -3.816186,  1.108273
B,  0.655381,  5.596821
B,  7.072116,  3.042503
A, -1.180925,  0.901794
B,  7.357501,  4.821736
A,  0.393929,  0.242505
B,  2.520641,  7.798384
B,  2.703954,  0.882584
B,  3.100908,  5.713919
A,  1.422299,  0.929214
A, -1.495385,  1.864772
A,  2.308004, -3.289649
B, -0.300839,  4.143038
B,  4.177278,  9.469836
B,  3.754926,  6.171111
A, -6.996555, -0.726524
A,  1.867136,  2.215184
A, -6.752601,  0.227481
A, -5.114366,  0.696496
A, -2.106428, -1.275804
B,  2.251471,  5.327761
B,  1.887854,  2.272257
A, -4.003817,  2.351772
A, -0.993973, -2.865694
A, -8.730743,  1.081873
A, -2.884560, -1.852241
A, -1.466379, -0.494813
B,  7.078165,  4.560440
B,  0.297992,  4.475392
B,  4.446227,  3.459420
B,  2.476353,  7.375091
B,  3.736970,  8.583015
A, -3.941813,  0.854600
A, -6.210295,  1.488249
A, -2.463471, -0.750479
A, -3.668255,  0.897332
A, -5.053732, -0.114127
A, -4.787241,  1.333286
B,  3.897883,  1.520157
B,  5.066651,  4.587611
A, -3.521620,  0.534396
B,  4.945990,  7.077375
A, -4.811732, -1.291714
A,  3.450688, -0.554641
A, -2.949285, -2.248680
A, -3.638466, -1.605256
B,  3.410846,  4.204638
A,  1.063333, -1.984757
A, -0.476028, -1.533277
B,  2.134989,  6.720452
A, -6.812209,  0.107221
B,  7.342652,  7.951793
B,  0.363001,  4.725783
A, -4.292992, -0.061136
B,  3.792645,  6.540538
B,  7.274160,  7.051694
B,  7.132706,  9.134192
B, -0.058347,  5.611120
B,  4.164651,  6.161537
A,  3.415115,  1.870172
A, -4.814398, -1.625641
A, -3.768992, -2.331649
A,  0.759512,  3.307358
A,  7.908848,  0.074748
B,  6.280709, 10.114657
A, -4.460643,  0.135437
B,  3.562183,  8.777669
A,  1.186186,  3.194709
B,  3.620860,  7.465120
A,  1.702054,  0.510648
B,  0.883002,  3.763348
A,  3.265256,  1.763600
A, -9.932085, -2.197130
B,  1.419892,  7.759981
B,  5.068782,  9.290552
A, -2.294530, -1.166328
A,  2.873499,  1.487348
A,  0.846745, -4.702483
A, -5.953443, -0.792679
B,  3.171056,  6.602029
B,  7.516001,  7.697793
A, -0.854293, -0.231504
B,  5.314467,  4.334617
A, -0.130786, -3.750654
A, -0.676115, -0.755600
A,  4.691109,  0.155618
A, -0.384098,  0.634264
B,  4.525269,  5.871776
A,  2.977634,  2.305345
B,  2.555574,  4.728367
A,  2.794783,  0.228874
A,  0.498619, -1.302138
B,  3.143166,  8.221157
B,  5.739551,  5.752475
B,  4.550350,  5.828725
A,  3.168931,  0.925090
B,  5.920997, 10.287226
A, -4.188469,  1.001555
B,  1.737330,  6.004399
A, -1.364379,  0.589482
B,  3.225969,  7.872684
B,  3.034422,  6.296539
B,  4.552234,  4.008329
A,  1.380083, -2.305711
A,  7.604318,  1.127132
B,  3.566737,  3.792477
A, -0.224657, -3.183109
A,  2.731391,  3.135801
A,  2.836668,  0.095788
B,  4.687785, 10.549545
A, -1.217376,  1.488998
B,  2.475074,  4.193832
A, -0.153746, -0.805874
B,  4.780570,  2.728282
B, -1.669281,  2.485888
B,  3.543510,  3.891320
A,  1.128167,  1.592102
A,  6.317795, -0.809905
B,  1.398300,  7.694174
A, -2.320766,  1.387246
A, -2.195126, -1.585806
B,  0.716881,  7.352890
B,  2.733228,  9.714546
A, -1.852536, -2.557782
B,  6.084021,  6.028100
B,  6.443465,  7.086144
A, -3.344334,  0.094467
B,  4.934893,  7.281471
B,  2.616623,  1.739009
B,  1.292385,  3.882258
A, -0.572801, -1.805772
A,  1.380963, -0.970220
B,  2.896767,  5.039206
B,  3.552108,  4.577648
A, -5.313763,  0.986425
A, -3.804660,  0.575757
B,  4.795249,  3.687129
A, -4.876245,  1.245837
B,  4.966681,  2.735015
A, -0.355323,  2.868810
B,  4.478129,  5.823155
A, -0.119174,  1.324593
A,  2.623078, -1.231506
A,  1.537511,  1.264158
B,  3.626494,  7.724204
B,  2.617728,  8.443076
A, -1.001877,  1.096922
A, -8.497448, -1.697468
B, -0.498026,  6.178084
A, -5.221842, -3.380403
B,  2.802811,  2.662564
B,  3.682385,  2.217711
A, -7.261035,  1.475431
B,  6.091255,  7.179191
A,  9.199890,  2.565575
B,  7.444008,  9.184496
B,  3.674079,  4.971599
B,  4.758007,  5.400964
B,  3.841693,  3.558254
B,  3.493275,  2.340580
B,  3.279568,  5.877767
A, -4.364397, -2.394102
B,  3.703592,  4.106017
A, -2.570465, -0.483332
B,  2.970549,  5.732634
A,  8.032203, -0.047601
B,  3.195985,  4.953542
B,  7.248089,  6.981670
A, -5.780074,  2.258653
A, -4.869930, -0.724317
A, -0.058331,  0.832216
B,  0.631720,  7.068885
B,  3.175243, 10.403366
A,  0.403541, -0.147432
A,  3.751565, -0.160870
A,  1.163430,  1.356259
B,  2.705194,  6.724463
B,  6.868953, 12.049377
A, -3.257387, -1.658649
B,  2.657287,  7.407143
A, -6.332077,  1.346863
B,  3.138451,  5.174205
B,  3.597727,  6.048498
B,  7.207227,  5.492245
B,  5.319680,  5.482003
A,  1.952301,  0.108121
B,  0.394719,  5.380934
B,  1.847403,  4.024682
A,-12.478165, -1.704713
A, -0.346349, -0.584230
B,  6.226766,  8.143820
B,  3.510510,  3.590523
A, -1.511341, -1.881733
A, -6.447502, -1.175395
A, -6.044477, -1.857818
A,  1.033795,  3.234553
A,  7.225688,  1.361396
B,  1.103803, -0.055527
A, -6.683864,  0.313974
B,  1.547671,  4.536982
A, -9.310363,  1.758629
A, -0.065588,  0.622277
A, -5.409393,  3.236411
B,  7.444379,  3.213738
B,  6.145164,  0.374964
A,  0.249619,  0.922138
B,  4.389547,  9.611069
A, -5.101290,  0.819747
A, -7.734525, -2.998905
A,  1.500168,  2.012218
A,  0.409183, -1.607870
A, -3.170928, -2.146107
A,  3.517599,  0.915044
A,-12.005890, -0.231039
A, -2.667009, -0.732658
A,  2.248177,  1.286003
A,  6.564570,  1.710132
B,  2.848870,  4.033421
A, -0.684803, -1.800308
A, -4.515853, -1.958384
A, -3.668556, -3.359300
B,  4.751620,  7.393386
B,  4.373511,  4.559037
B,  2.467388,  5.776156
B,  3.785219,  3.689847
B,  3.800250,  3.373622
B,  2.589326,  5.830764
A, -1.862435, -0.843370
A, -5.337765,  0.428050
A, -1.415253, -0.890117
B,  3.376005,  5.278860
A,  4.364144,  0.493621
B,  7.221907,  7.380423
A,  8.638923, -0.553808
B,  1.119295,  3.516601
A, -1.209867, -1.460789
B,  6.983473,  9.209723
B,  2.678959,  4.943382
A, -4.087530, -1.925045
A, -3.686538,  1.452047
B,  3.019346,  6.778617
B,  1.586575,  2.069423
B,  3.453098, 11.441249
B,  2.908199,  4.586351
A, -4.413639, -1.816425
A, -1.619029,  1.063626
B,  4.333784,  5.146602
B,  4.408238,  5.931712
B,  4.156729,  7.970972
A, -1.159112,  0.510633
B,  7.863350,  8.420595
B,  5.651823,  5.528654
B,  5.076111,  8.269115
A, -4.871714,  1.657029
B,  5.358999,  4.346937
A,  1.983440, -0.067966
B,  6.457327,  7.182280
B,  3.825038,  9.409459
B,  1.643842,  5.194638
B,  0.934939,  2.067251
B,  5.061864,  5.763280
A, -3.812300, -1.328778
B,  5.503618,  4.488971
A, -3.344777, -0.997425
A, -2.452202,  2.514955
A,  3.881566,  2.307313
A, -3.889643, -1.816290
B,  6.464852,  4.146651
B,  0.784139,  2.628591
A, -6.283482,  2.122422
B,  2.519468,  4.263984
B,  7.578296,  5.002434
A, -2.446372, -1.159922
B,  1.578926,  5.203102
B,  4.514281,  6.501684
A,  3.283537,  1.194718
A, -4.121188, -1.734014
A, -4.565390,  2.966272
A, -1.430557,  1.220624
A,  4.963991, -0.502474
A, -0.016857, -1.128434
A, -0.823385, -1.216510
B,  3.844618,  6.452356
A, -6.011818, -0.987274
B,  3.843822,  3.948296
A,  1.608183,  1.859758
B,  3.032942,  6.415795
B,  4.765958,  7.019924
A, -4.399400, -0.264425
A,  0.254185,  1.716370
B,  5.418217,  8.104052
B,  4.372150,  6.335952
A, -4.990148, -0.616090
B,  1.993680,  3.382994
B,  4.671486,  6.861977
B,  3.563808,  2.576982
B,  4.504710,  7.653410
B,  1.906693,  5.716545
B,  1.575004,  5.705458
B,  5.173044,  5.354876
A, -0.643996, -1.296432
A, -2.028741,  0.041626
B,  6.193570,  8.394257
A, -1.550655,  2.830388
A, -9.314644, -0.394946
B,  8.670630,  8.165859
B,  5.970288,  6.827694
B,  4.312634,  4.297996
B,  7.028322,  3.819290
B,  4.386256,  5.098268
A, -2.654728,  3.584664
B,  3.468377,  6.429665
B,  2.643618,  8.175648
A, -3.737975, -0.483846
B,  5.907906,  5.581191
B,  2.985930, 11.129324
A, -0.347678, -0.441019
A, -7.281704,  0.633655
A, -0.038023,  0.266973
A, -4.314209,  0.351554
B,  2.998542,  4.473882
A, -0.210291,  0.257025
B,  1.249544,  4.734697
A, -0.842444,  2.627732
B,  5.298235,  9.984355
A,  1.316696, -0.483754
B,  7.705984,  7.828876
B,  3.048426,  6.806165
A, -1.858272,  1.666709
A,  1.367356, -0.056007
B,  5.775424,  7.365469
B,  2.835924,  2.027625
A, -2.286936,  4.101823
B,  4.438913,  8.743261
A, -5.470247,  0.213940
B, -1.507546,  1.913766
A,  0.374356, -3.286605
B,  2.298368,  9.576288
B,  5.684670,  4.658977
B,  4.613420,  4.061558
B,  4.613350,  3.679425
A,  6.021308, -0.675436
B,  2.772625,  7.768085
A, -8.496941, -0.570428
B,  5.371328,  7.384102
B,  3.582214,  6.603020
A,  1.568222,  2.137849
B,  6.336105,  8.106789
B,  5.838309,  5.024569
B,  3.482136,  6.223313
B,  4.802144,  6.854921
A,  1.713552,  1.692578
B,  5.846575,  3.869660
A,  1.199662,  0.173308
B,  2.974256,  2.404240
B,  2.817869,  7.586162
B,  4.669526,  3.331765
A, -4.414261,  0.864663
B,  3.571638,  7.369862
B,  2.728398,  4.582470
B,  2.108552,  6.764128
A,  1.152497,  0.761550
A, -8.890522,  0.586818
A,  0.257771, -1.065014
A,  1.735175,  3.026537
B,  5.983916,  6.112158
A, -2.762018,  1.997485
A,  4.878775, -0.854866
A,  1.038784,  1.246470
A,  0.184525,  0.284625
B,  0.037396,  4.422384
B,  4.095634,  7.381160
A, -1.019220, -2.335836
A, -3.174765, -2.066835
A, -1.526418,  1.475761
B,  5.572234,  7.692641
B,  6.987776,  5.802672
B,  1.502983,  7.640849
A, -0.149648, -0.171428
B,  2.435301,  7.330095
B,  2.688421,  5.578171
A,  1.550618, -1.178721
A, -4.714924, -3.061907
B,  4.034126,  3.551097
B,  3.636387,  7.256290
A, -5.850319,  1.012492
A,  0.341777,  1.145853
A,-11.060807, -0.571379
B,  6.509617,  7.059897
A,  1.131486,  0.574462
B,  2.496346,  6.775941
A, -1.481924,  0.394310
B,  4.315339,  4.993299
A, -8.326974,  0.128018
A,  3.363204, -3.310389
A, -5.755629, -0.554747
A, -7.574412,  1.106715
B,  3.480563,  3.439905
A, -9.313625,  2.285550
A, 10.757392,  1.604362
B,  2.565610,  7.838261
A, -5.197910,  0.867186
A, -0.672837, -0.672058
B,  5.115553,  2.094975
B,  4.409206,  5.372677
B,  1.401844, 11.632462
A, -1.934648, -1.315513
A,  0.856311, -0.971293
B,  2.969466,  5.503757
A, -1.346330, -1.493832
A, -3.261631, -5.043478
B,  1.899461,  2.624461
A, -1.873011,  0.399167
B,  6.234150,  8.474736
A, -3.282685,  1.334722
A,  2.148573, -3.057737
A, -8.758286, -0.584311
A,  0.709923, -2.235971
B,  4.271241,  2.395929
B,  1.850644,  6.303447
B,  6.774587, 11.087628
A,  6.970107, -0.779972
A, -2.677401, -0.455979
B,  4.358547,  6.865351
A, -6.304794, -1.834352
A, -5.429533, -1.223896
A,  3.290106, -0.260345
A,  0.804247,  1.486443
B,  2.865092,  1.051076
B,  5.201958,  6.437576
A,  3.164297,  4.322774
A,  0.377163,  1.572589
A, -4.227081, -3.237846
A, -2.009081,  0.321951
A, -4.537549, -1.095873
A,  1.760266,  0.717373
B,  6.636871,  7.159114
B,  4.392278,  4.294784
B,  2.563680,  4.985844
B,  4.943008,  9.135406
B,  1.486263,  5.571504
B,  9.829566,  9.158329
B,  5.228292,  8.314562
B,  3.624682,  9.538260
A, -6.123451,  2.734804
A,  3.176416,  2.726034
B,  3.571616,  7.133000
B,  3.062541,  8.745295
A, -3.773980,  1.571162
A, -4.895495, -0.382947
B,  7.680605,  7.391273
B,  4.357574,  6.075211
A, -5.503204, -1.380305
B,  0.936750,  6.237625
A, -4.149902, -0.610507
A, -3.916079, -0.644358
B,  2.787445,  6.538818
A,  4.076506, -2.321021
B,  2.173902,  8.619557
B,  4.331091,  4.969215
B,  2.200181,  8.284627
B,  3.152862,  6.429108
A, -2.429990, -0.755674
B,  3.037691, -0.547143
A, -1.508161,  1.803454
A,-10.717294, -0.576031
B,  4.774506,  3.956426
A, -2.766591, -1.116868
A, -4.165098,  0.382847
B,  2.805365,  1.182139
A, -0.900955,  3.099560
A,  1.320718, -2.035918
B,  1.914271,  7.601004
A,  2.632946, -1.350898
B,  3.231744,  2.102372
B,  2.858296,  5.845383
B,  4.293885, 10.362748
A,  3.988043,  1.592410
A, -8.231836, -1.411687
B,  1.303431,  2.184157
B,  1.804671,  9.163973
B,  7.555856,  6.041983
A,  5.253244,  0.680128
A, -2.791829,  0.007368
B,  0.178671,  3.173091
B,  4.706252,  4.969983
A, -0.575736,  1.233080
B,  6.762449,  6.055134
B,  4.619038,  4.612740
B,  5.817528,  7.355468
B,  5.975862,  5.384743
A, -1.684518, -1.107585
B,  2.650916,  6.532540
A, -6.188363, -0.195346
B,  2.333386,  6.168349
B,  4.538655,  7.779563
A, -2.036964,  2.321846
B, -0.348635,  4.099851
A,  1.420233,  0.947130
A,  5.218586,  1.395506
A, -4.785772,  0.622809
A, -4.823353,  2.499482
B,  5.036841,  7.834819
B,  3.960868,  5.045476
B,  2.252762,  4.247004
A,  3.546683,  3.222817
A,  6.745356,  0.460591
B,  1.968023,  3.727210
A, -1.395481, -1.339711
B,  4.588075,  6.227818
B,  2.634898,  5.539922
B,  6.495017,  4.709033
B,  4.909040,  4.229050
A, -1.103670, -1.058790
B,  6.007626,  6.685832
A, -6.986023, -2.018561
A, -5.484117, -2.121951
B,  3.643393,  4.080611
A, -3.702000, -1.171438
B,  3.446786,  2.170684
A, -4.544219,  0.404270
A, -4.839619, -1.772465
A, -2.291072,  0.123793
A, -7.715174,  1.967803
A,  0.214373,  2.702583
B,  4.794845,  4.396014
B,  2.533280,  8.041983
A, -1.008411,  1.478742
B,  3.932682,  8.909513
B,  3.923859,  4.238320
A, -1.712914, -0.310292
A, -0.159142, -0.732686
B,  1.201670,  9.435961
B,  4.584437,  6.752604
A, -3.574135,  3.708324
B,  5.302913,  6.450687
A,  2.638731,  1.113568
A, -7.718318,  0.015243
A,  1.389089, -0.629181
B,  5.719997,  4.304227
A, -2.060371, -2.406252
B,  5.250430,  5.059859
B,  0.447536,  5.253444
B,  4.402253,  3.306234
B,  4.640697,  7.364201
A,  1.493300, -0.513396
B,  2.538183,  4.838196
A, -4.223797, -2.082209
A, -8.177388, -3.693617
A,  0.231086, -0.408820
B,  2.070286,  4.015988
B,  0.895576,  5.761760
B,  1.931762,  5.360063
B,  4.552374,  9.363710
A, -1.633113, -2.992711
A,  0.151412, -0.503598
A, -5.806030,  0.761605
B,  2.695647,  5.600414
A,  0.951748,  0.584103
B,  5.065147,  7.532109
B,  3.740534,  4.818863
A,  0.425480, -0.062495
A,  2.815241,  0.202162
B,  6.367468,  5.677442
B,  4.362490,  4.965485
A, -5.161923, -0.307504
B,  2.502880,  5.985012
B,  4.413445,  6.644209
B,  4.891318,  5.007960
B,  4.300269,  7.602756
B,  6.194673,  5.700964
B,  2.516343,  7.939162
B,  5.038297,  6.472573
A, -5.414578, -1.513619
A, -4.259592, -0.113591
B,  3.099549,  7.463576
B,  4.125185,  4.353553
A,  0.505652,  3.050867
B,  0.353045,  8.099675
A, -0.808833, -0.920411
B,  3.738663, 12.400470
B,  5.983166,  8.995089
B,  6.782980,  6.587372
B, -1.127527,  1.353910
A, -3.187037, -0.589408
A,  7.126797,  1.576584
A,  0.332606,  0.172789
A, -3.576458,  2.152840
B,  5.199961, 10.246922
B,  4.195082,  3.671295
A,  0.073311,  1.551035
B,  5.640604,  9.901039
B,  5.672894,  6.327128
B,  2.275131, 10.108581
A, -0.248120,  2.103246
A,  0.297115, -0.152625
B,  4.653994,  7.054074
B,  3.217953,  6.080005
A,  0.724689,  1.886257
A, -0.102294,  0.486603
B,  4.738160,  6.475681
A,  0.321708, -0.791385
B,  4.998343,  7.447116
B,  6.090787,  1.345486
A, -3.061727, -1.413781
B,  6.524200,  5.992412
A,-10.522934,  2.617206
B,  3.956901,  6.618013
A, -6.226520, -4.119629
A, -1.529949, -0.917418
B,  3.498539,  8.402293
A,  6.075668, -2.757115
B,  4.876993,  5.190788
A,  1.159030,  0.055771
A,  0.877499,  1.238807
B,  2.943172,  8.080826
B,  6.392559, 11.419968
A, -3.300436,  2.099313
B,  5.655446,  6.386529
B,  2.360476,  5.697276
B,  4.558457,  7.353872
B,  4.016578,  2.568644
A,  3.131063, -0.892146
B,  4.764069,  7.742168
A, -4.103996,  1.635259
B,  6.434683,  7.125539
A,  0.559958,  3.003731
B,  7.250899,  7.851320
B,  3.243548,  3.444054
B,  6.349969,  3.345869
A, -0.774975, -0.505122
A,  1.916332, -2.040375
A,  0.986428, -0.703496
A, -1.764248,  1.311723
B,  3.191174,  3.570133
B,  6.993970,  6.028755
B,  4.192051,  4.640681
B,  7.852143,  7.142607
A,  2.698386,  0.780839
B,  6.484560,  8.171274
B,  6.667356,  6.791781
B,  4.370106,  1.670830
A, -1.774991,  2.002580
A, -1.007449,  1.824905
A, -5.860220, -1.131118
A,  0.410328,  3.075856
A, -4.895298, -1.655592
B,  6.398657,  9.194167
B,  3.127512,  1.396245
B,  1.307896,  3.825852
B,  4.724152,  8.559168
B,  1.087822,  5.253594
A, -4.626355, -0.595578
A,  0.120172,  0.158624
A,  4.880789, -2.313653
A,  3.382093, -0.874889
B,  4.506381,  2.655127
A, -2.265183,  2.339875
A, -2.321025,  0.101133
B,  6.806097,  6.561754
A, -1.893486, -0.983512
B,  4.380786,  4.573703
A, -0.698995,  3.196977
A, -8.937245,  0.451551
B,  1.961599,  8.224574
A,  9.984350,  1.879015
B,  0.126253,  5.037721
B,  6.449067,  0.972162
A, -5.806168,  2.619336
A,  1.149945,  0.469787
B,  5.705187,  4.579097
A, -2.048373, -0.726854
B,  4.887375,  3.927131
A, -1.812890, -1.830525
B,  3.931890,  5.005935
A, -3.181424, -3.758951
A,  2.581158, -0.107068
B,  3.666936,  5.461267
B,  4.370977,  9.820786
B,  5.418152,  3.875197
B,  4.334499,  2.639017
A, -2.303410, -0.873394
A, -5.400395,  1.901925
B,  1.962604,  2.129470
A, -2.208105, -0.072344
A, -6.571758,  1.055065
A,  1.971047, -2.070137
B,  2.892200,  4.205685
B,  3.622101,  5.343129
A,  6.231657,  2.220157
B,  5.787959,  7.577205
A,  0.847507, -0.502044
A, -6.033126,  1.290350
A, -4.700485,  2.228346
A, -2.016739,  0.548170
A,  0.806607,  0.997999
B,  5.874620,  5.537843
B,  3.052640,  4.271799
B,  3.171511,  7.112738
A,  6.821096,  2.876595
B,  3.548243,  6.546648
B,  3.678154,  5.553588
A, -2.705311,  3.089706
A, -3.872247,  1.371038
B,  4.869442,  4.788065
B,  2.520326,  5.405938
B,  3.236470,  8.290501
A, -5.122669, -0.546546
B,  5.752166,  6.529376
B,  2.124899,  8.236273
B,  3.385763,  5.691596
B,  3.478451,  7.282406
A,  0.238893, -0.343892
A, -4.503312,  0.060267
B,  3.594675,  3.764389
A, -1.196079, -2.009697
A, -1.482582, -1.018854
B,  4.934106,  7.303537
A, -7.606067,  1.709891
B,  4.758994,  4.195634
A, -7.430102, -1.396513
B,  4.785296,  6.203653
B,  4.406163,  2.090469
B,  2.696406,  5.299063
A,  6.737953,  0.218851
A, -4.045765,  1.309759
B,  4.380933,  9.043660
A, -8.723883, -1.110064
A,  5.052806, -0.379680
A,  1.049299, -1.042328
B,  6.983797,  3.026027
B,  4.387708,  8.689709
B,  3.479508,  5.749959
A, -1.730303,  1.717409
B,  4.005241,  6.627771
A, -3.192670,  1.173664
B,  5.201114,  8.708218
A, -3.984443,  2.069138
B,  5.838149,  6.871806
A,  0.817984, -1.303847
B,  2.623438,  7.087187
B,  7.132017,  8.046551
B,  2.993861,  5.690410
B,  5.607067,  6.579561
B,  4.512177,  3.330782
B,  1.379794,  7.989285
B,  3.248296,  1.981643
A, -4.269582, -2.981077
A,  1.556853,  0.271524
B,  5.522286,  6.637703
A, -2.268626, -2.650672
B,  3.883491,  5.142274
B,  4.433321,  2.019735
B,  5.587152,  9.105787
A,  1.705307, -0.793301
A, -0.761688, -0.782374
B,  2.999177,  5.708435
B,  1.679818,  9.017097
A, -9.547704, -1.399651
A, -7.529543,  1.029356
B,  0.656300,  2.070939
B,  4.812407,  8.374427
A, -3.417136, -1.595716
A, -5.454953,  1.541456
A, -4.345872,  1.844353
A,  1.789053,  1.180111
A,  4.156292,  1.096716
A, -1.863707,  1.547423
A, -1.527862,  1.590847
A,  2.831717, -1.103439
B,  2.808157,  7.720368
B,  2.768840,  8.179466
A,  2.003769, -0.123203
A,  1.526849,  1.484415
B,  2.199291,  3.851132
B,  5.261733,  8.004959
A,  0.516411,  0.202772
B,  3.273265,  5.495051
A, -3.179068,  2.192664
A, -1.467335,  2.501529
A, -3.476237,  0.326488
B,  1.794820,  4.225597
A, -8.137659, -0.830615
B,  1.630369,  2.025531
A,  3.585016,  2.824771
A, -3.768069, -1.983071
B,  2.649684,  3.238327
B,  3.253453,  3.334974
A, -9.029717,  0.551162
A,  8.015927,  0.195516
B,  1.175206,  5.028316
B,  3.725346,  6.061521
B,  5.329285,  7.872728
A,  2.663151, -3.195444
A,  4.122852,  1.112636
B,  7.196264,  9.425327
A,  9.802853,  0.612625
B,  6.880506,  9.571019
B,  3.010847,  7.161455
A,  0.565481,  4.176551
A, -9.200614, -2.259143
B,  4.009446,  5.211761
B,  4.484403,  6.536724
A,  0.161465, -0.299915
B,  4.088307,  4.366090
A,  0.036708,  1.086331
A,  4.801288,  2.187411
B,  3.450496,  6.334867
A, -0.248945, -2.848615
B,  4.445994,  7.301901
B,  4.843447,  5.062591
B,  2.587157,  9.697117
B,  6.894439,  5.865097
B,  7.697978,  0.512014
B,  1.623164,  3.478900
A, -4.455562,  0.295937
B,  1.275511,  2.328454
A, -1.376867, -1.578297
B,  7.902930,  5.201775
B,  7.070613,  6.812483
A, -4.693574, -0.581220
B,  2.797708,  6.063822
A,  1.215777,  0.494486
B,  5.359373,  6.121130
A, -3.768624,  1.177965
A,  5.623214, -1.641968
A, -1.555776, -1.079990
B,  4.228622,  9.169991
B,  4.405211,  5.085056
A,  0.468748, -1.318498
B,  5.055350,  6.785133
A,-12.701734,  1.868658
A,  1.436758, -1.617503
B,  3.225666,  4.346100
A, -2.354881, -4.545910
B,  5.624991,  6.596161
A, -3.680882,  2.054990
A, -6.526822,  2.531020
A,  6.694752, -2.506272
B,  5.937500,  3.981364
B,  2.964293,  6.637418
A,  6.491389, -1.495931
A, -6.079828, -1.405541
B,  3.138612,  4.133886
A,  3.483143, -0.226559
A,  0.389950, -2.818214
A,  2.061403,  0.832829
B,  1.303215,  5.710278
A, -4.931623,  1.076752
A, -3.119140, -0.309175
A, -3.792434, -1.075400
A, -3.905910,  1.758731
A,  0.177880, -3.658358
A, -3.583661,  0.990180
B,  5.502734,  2.264364
A, -0.143397,  1.349772
B,  2.978416,  7.174752
A, -6.887344,  2.766552
A,-11.078754, -1.847383
B,  2.761215,  6.631294
B,  3.987524,  2.078810
A, -0.133726,  1.213557
A, -5.671750,  0.675904
A, -2.010960, -1.681747
A, -4.295192, -0.748403
B,  7.455566,  7.319676
B,  1.715180,  2.801727
B,  4.103179,  6.040422
A, -0.342907,  0.109872
A,  2.192954, -0.512826
B,  4.348598,  6.644055
A,  5.973184, -1.790436
A, -2.357557,  1.776096
B,  2.370662,  4.460846
A, -3.875108,  0.492692
B,  3.482430,  7.633005
A,  4.015059,  0.382369
A,  1.777283,  0.219857
B,  3.825736,  4.980021
B,  2.890589,  2.788247
B,  5.831826,  7.129050
B,  2.555175, 10.030572
A,  1.244041,  0.342196
B,  4.220850,  1.253049
A, -3.164696, -0.224369
B,  3.535232,  6.237023
A, -4.915332, -0.342849
B,  1.377364,  3.161997
A, -7.783170, -1.515540
A, -0.759249,  1.240971
B,  4.290286,  3.500055
A, -2.051466, -1.587615
B,  4.980147,  4.751731
B,  2.387792,  3.327695
B,  4.060085,  5.625298
A, -1.921342,  1.263326
A,  0.927342,  0.200146
B,  4.019773,  8.994841
A,  2.373699, -2.550178
B,  5.276899,  6.582636
B,  5.860613,  4.724439
B,  5.388627,  9.065299
A,  8.193421,  4.092878
B,  6.060811,  6.155439
B,  0.985065,  4.833984
A,  1.522059, -0.027888
A,  0.626623,  0.685722
B,  2.992811,  4.512526
A,  0.368747,  1.262276
B,  4.761297,  8.175714
A,  3.581482,  0.897228
B,  2.127006,  5.208762
B,  4.730427,  6.569868
B,  5.439879,  4.086328
B,  3.465233,  7.495704
A,  0.560969, -1.338699
A,  2.521593, -2.961616
A,  3.855049, -3.512353
A,  0.290490, -1.136757
B,  4.147159,  5.052778
A, -8.387185,  0.970619
A, -0.203788, -1.517173
A, -3.424422,  2.575329
B,  7.948567,  6.512669
A, -0.185258, -0.289761
A, -0.173561,  1.611386
B,  2.523089,  2.917288
B,  3.776557,  7.497889
A,  0.897538, -0.908371
A,  8.167059,  2.591532
A,  0.978077, -4.237692
B,  1.933924,  4.448632
B,  1.270538,  7.598072
A, -8.204793, -0.698742
B,  5.284701,  3.117991
B,  3.573362,  3.767311
B,  4.131747,  3.770160
A,  1.667076,  0.414918
A,  2.863550,  0.908983
A,  0.457237,  1.668338
A, -1.188241, -1.595724
B,  8.984885,  6.035190
A, -1.383002,  1.766486
A, -2.814909, -3.833675
A, -7.044957, -2.651493
A, -1.002541,  0.339583
B,  3.256047,  4.659934
A, -4.966452, -1.515946
A,  1.013627,  1.946116
B,  1.319382,  3.641616
A, -3.715861, -2.133891
A, -0.751221,  2.046877
A, -3.002749, -0.276617
B,  2.447660,  1.518290
A, -1.780861,  0.666168
A,  1.612706, -0.906665
A, -4.198999, -1.268927
A, -4.280017, -0.608135
A, -7.592790,  0.765577
B,  4.179388,  7.306280
B,  2.081721,  4.856250
A, -0.663389,  1.370434
B,  3.279439, 11.429597
A,  2.983412,  1.521670
A, -0.670950, -0.188469
B,  6.387674,  5.301145
A,  2.605940, -1.423119
A, -3.047729, -1.206313
A, -9.120140, -0.780528
A, -5.740738, -0.301729
A, -3.638706, -4.904532
B,  2.380984,  7.639447
A, -3.996253,  1.232463
A,  0.396683,  2.629285
B,  3.099549,  5.027418
B,  1.569274,  5.231213
A,  5.855230,  0.883911
A,  3.043537,  0.267925
A, -0.866597, -0.721618
B,  6.604906,  4.426148
A,  2.780442,  0.029199
A,  2.486051, -1.168608
A, -1.653194,  1.557089
A, -2.143153,  0.563318
B,  3.023128,  2.237544
B,  3.373232,  3.199569
A,-10.680971, -1.318109
A, -4.204191, -1.801681
A,  5.096932,  1.613521
B,  8.532361,  7.918162
A,  2.164852,  1.805443
B,  2.983014,  5.186813
B,  5.621304,  8.202001
A, -4.918128, -1.953069
B,  3.535161,  9.020025
A, -9.758177,  0.720515
A, -1.534205,  0.378143
B,  5.895376,  1.446155
A,  3.360387, -1.362727
B,  9.289581,  8.015725
B,  3.440582,  7.364052
B,  4.480157,  6.869945
A, -1.566254,  2.648655
B,  6.451902,  8.506517
A,-11.233924,  2.166466
A,  0.601057, -2.470204
A,  1.696499, -0.372527
A, -1.095812,  0.014790
B,  3.813845,  3.788735
B,  3.894993,  7.839935
A, -3.455197, -0.082417
B,  2.304789,  3.377384
B,  5.761024,  7.033974
A,  2.983773,  1.618795
A,  7.813697, -1.067207
B,  3.056127,  4.495625
B,  1.771642,  7.403377
B,  1.069895,  1.491669
A,  2.050746,  1.161560
A, -0.194100,  1.266699
B,  2.069873,  4.690530
B,  5.983679,  3.843249
B,  2.678360,  2.553174
B,  6.200917,  9.446353
A, -1.237849, -0.110672
A,  2.366334,  1.175885
B,  3.536607,  9.377214
B,  7.635337,  5.831286
A, -8.898955,  0.396813
A,  0.770771,  0.527434
B,  3.902605, 14.060685
B,  3.816501,  1.148508
A, -8.459656, -2.984302
B,  1.471042,  0.233133
A,  2.404291,  0.810917
B,  4.298506,  6.550336
A, -2.163050, -1.179121
B,  7.728309,  8.481628
B,  4.624650,  5.425210
A,  4.074189, -1.265106
A, -7.520854,  0.683957
A, -7.528375,  1.928982
B,  4.548238,  9.118150
B,  0.743988,  6.544298
B,  5.440438,  4.895857
B,  3.185315,  4.189675
B, -0.295428,  7.650953
B,  5.147789,  9.886461
A,  0.670153,  0.698997
A, -3.909574, -0.583007
A,  4.200815,  1.411535
A,  1.492621, -0.767173
A, -5.907479,  2.560507
A, -0.555386,  0.970334
A,  4.731777,  2.009611
A,  1.116866,  0.986344
A, -4.175284,  4.032092
A, -0.329011, -1.854795
B,  5.817265,  3.568769
A,  0.235557, -0.106931
B,  2.782869, 11.061412
B,  7.895109,  6.429816
B,  2.398495,  5.511147
B,  3.250559,  6.104407
A, -2.998173, -0.650426
B,  1.324987,  6.640729
B,  3.429667,  6.808188
A,  6.267149,  3.880942
B, -1.311438,  5.440204
B,  4.703375,  4.213137
A, -2.704488, -1.124987
B,  3.163293,  6.212377
B,  5.442554,  7.210563
B,  2.459722,  2.810749
B,  5.230349,  2.209331
A,  2.261613,  0.465784
A,  1.070343,  1.143790
B,  7.323294, 10.091130
B,  1.427894,  5.892156
A, -1.515006, -0.088612
B,  5.300726,  5.059841
B,  8.423952,  2.616658
B,  9.021320,  7.161427
A, -3.200294, -1.184340
A,  2.383232,  0.582942
A, -3.963467, -0.587028
A, -1.286112, -0.930911
B,  4.540627,  5.166112
B,  4.228798,  5.504381
B,  3.701701,  5.564909
B,  4.178571,  6.693855
B,  6.067419,  5.870349
A, -3.169957,  3.099536
B,  1.066426,  3.854547
B,  0.378390,  5.123906
B,  2.543900,  5.193953
B,  4.570086,  4.980214
B,  1.197815,  3.249834
A,  4.613463,  0.345065
A,  3.050240, -2.123358
A,  0.105256, -0.748260
B,  5.264956,  2.073092
A,  7.588181,  2.390285
B,  8.772078,  4.409629
A, -0.858789, -0.004532
B,  4.676056,  7.891205
B,  4.518296,  6.940002
B,  5.893811,  7.063765
A, -9.178862,  1.679961
A, -1.945905, -1.214989
A, -5.498817,  2.345839
B,  4.912273,  5.430975
B,  5.754405,  6.993255
A,  3.589915,  0.102363
B,  5.489605,  7.929749
B,  7.112025,  4.842829
B,  4.402930,  1.845513
B,  5.627928,  7.450838
A,  2.904303, -0.753141
B,  5.737901,  3.102980
B,  5.676280,  5.633334
B,  1.579776,  7.983154
A,  2.898121, -1.321215
A, -7.218652, -0.955963
A, -7.278210, -0.067591
A,  1.179341, -0.806795
A, -3.544673, -2.309366
B,  2.128908,  5.603474
B,  4.001522, 10.695052
B,  6.020480,  8.531466
A, -1.642090,  0.631050
B,  1.677804,  8.235578
A, -6.241750, -3.151478
A,  7.430837,  1.768039
A, -6.630464,  3.786965
A, -0.920141, -3.153453
A, -3.561149, -2.009776
A, -0.384222,  2.760600
B,  6.374501,  6.745098
A, -0.649973,  1.430137
A, -2.336988,  0.004373
B,  4.514759,  7.790081
A,  0.486548, -0.372949
B,  5.921272,  4.482634
B,  7.587719,  6.035789
B,  4.958219,  4.280066
B,  4.745990,  5.374060
A,  1.241386,  1.722945
A,  7.986887,  2.957485
A, -3.889231,  0.424276
A,  1.069842,  1.786291
B,  0.399320,  5.395896
A, -2.159805, -0.863076
A, -8.910818,  1.446954
B, -0.133245,  4.159639
B,  3.596554,  5.114474
B, -0.318159,  3.596642
A,  3.003699,  2.917041
A,  1.443725,  3.064998
B,  6.373842,  6.249372
A,  3.547341,  2.187546
A,  1.385251, -1.368729
B,  3.204912,  4.147309
B,  5.580147,  7.591034
B,  3.816534,  5.660594
B,  5.045620,  7.080590
A, -4.386139,  1.862853
A, -6.090576,  1.133483
A, -3.173958,  4.050555
B,  6.647733,  0.495125
B,  4.473843,  5.278590
A,  0.663655, -0.427310
B,  2.642315,  5.748143
A, -0.000877, -1.228276
B,  5.718735,  5.111668
A, -0.706876,  2.491454
A, -2.903710, -1.890474
A,  5.264118,  2.426880
B,  5.050754,  7.818174
B,  4.596377,  8.568113
A,  3.861021,  4.653665
A, -6.987494, -2.937172
B,  5.520489,  4.842725
A,  1.975034,  1.003203
A, -2.521275, -0.465428
A, -4.679759,  3.316489
B,  2.589857,  5.382529
B,  3.986014, 11.452009
B,  1.682196,  3.706292
A, -1.189536,  0.543454
A, -5.012492, -1.034514
B,  5.808726,  4.096106
A, -7.402781,  0.343895
A, -2.865355, -0.965915
A, -4.376443, -3.083518
B,  2.953737,  4.254750
B,  2.813184,  7.925022
B,  5.389393,  7.438073
B,  2.598827,  9.185253
B,  4.752959,  7.248768
B,  5.895257,  8.775581
A,  5.150123,  0.949289
A, -0.919209, -2.872993
B,  2.904475,  7.383221
A, -3.585078,  0.208103
A, -5.350146,  3.681154
A,  1.123316,  1.104124
B,  3.381406,  4.154746
B,  5.947664, 10.146295
B,  2.959351,  5.321684
B,  4.602806,  8.999130
A, -7.760153,  0.960211
B,  3.299172,  4.874261
A, -2.312828, -2.708183
B,  2.060952, 10.625932
B,  2.685780,  6.469043
B,  4.383655, 12.029172
B,  3.647588,  4.478267
A, -4.201071,  2.917336
B,  8.142219,  6.109607
B, -0.270738, 11.474507
A, -1.011847,  3.568739
B,  5.700873,  4.963654
B,  2.807890,  7.091403
A, -6.021142,  0.771440
B,  4.824915,  6.126428
B,  6.660751,  6.974137
A,  3.446615, -1.652353
B,  3.068689,  0.723581
B,  2.323691, 10.136450
B,  4.791985,  6.678070
A,  1.827256,  0.173853
A, -2.236314, -0.712432
B,  3.361851,  3.472493
A, -3.366258, -0.235152
B,  2.071523,  3.714950
B,  1.946677,  5.201675
B,  4.796592, 10.017936
B,  4.796558,  5.847584
B,  0.569118,  5.345262
A, -6.854661, -0.676761
B,  1.925917,  6.990638
A,  0.481810,  1.525436
B,  0.079650,  5.132222
B,  5.379816,  8.999843
B,  3.318691,  6.021373
B,  4.199805,  9.144783
B,  2.030125,  3.584347
A, -3.127307,  0.694016
B,  4.426541, 11.491351
A, -4.046584, -0.856855
A, -5.204356,  0.033572
A, -9.854409,  2.298167
A, -7.869395, -1.063380
A, -2.060007,  0.784398
A,  0.610650,  2.121452
B,  4.089413,  6.222341
A,-11.040931, -0.878814
A, -2.672364, -3.697547
A, -1.459213,  3.573055
B,  7.645298,  5.884157
B,  0.340864,  2.262265
A,  2.121483, -0.493570
B,  4.700875,  2.651687
A, -2.535141,  1.648161
B,  3.261129,  6.779845
A,  6.620515,  1.682695
A, -2.831293, -0.792498
A,  5.537566,  0.065496
B,  1.057200,  4.558586
B,  5.417823,  6.885571
A,  3.332750, -2.445710
B,  2.556761,  4.931858
A, -1.873833,  4.077369
A,  6.266627,  4.170597
B,  6.250999,  4.139603
A,  7.766210,  1.906090
A, -8.902826,  0.215994
B,  3.556868,  5.486920
B,  5.211929,  8.215527
B,  3.608886,  1.352073
B,  5.318956,  9.895074
B,  3.253825,  4.560380
A, -3.097515,  0.432173
B,  5.438734,  7.986115
A,  3.002207,  2.733832
A, -4.711748,  1.161297
B,  3.031408,  5.816648
A, -7.418116, -1.915330
A, -2.429960,  0.232152
A,  4.754154, -0.282457
B,  3.999450,  5.702234
B,  2.097131,  6.278303
B,  9.491851,  6.514178
B,  3.849814,  8.288022
A, -5.377473,  0.121419
B,  0.780912,  4.268885
B,  6.967362,  9.754738
B,  3.153325, 11.054546
B,  5.573499,  6.896186
A, -6.531700, -1.143382
B,  3.420478,  7.864457
A,  7.738834,  0.414165
A, -6.794512,  1.851196
B,  0.861641,  7.027778
A, -2.907372,  1.766783
A, -0.401359, -0.190236
B,  3.171300,  5.059530
B,  3.687075,  6.944707
B,  1.922658,  4.578104
A, -1.445318, -0.690024
A,  7.309587,  1.449779
A, 11.564950,  2.002020
B,  6.010799,  6.981583
A, -5.432751,  1.329455
A, -3.954150, -0.619019
B,  4.101550,  8.153398
A, -7.536109,  0.345584
B,  3.957831, 10.400833
A,  4.156378, -0.049952
B,  7.107694,  7.657080
A,  1.352478,  1.055716
B,  8.834858,  6.340702
A,  4.909555,  2.795599
A, -4.147599, -0.628599
B,  1.908557,  5.036768
A,  0.247231,  0.205473
A, -8.703081, -0.583373
A,  2.313950,  1.455539
A,  1.817973,  1.942228
B,  5.504632,  5.381525
A, -2.762966,  1.799728
B,  2.038999,  7.307249
B,  2.243257,  4.517176
B,  0.555768,  2.192534
B,  5.007773,  5.894894
B,  3.959360,  6.766450
A, -7.375534, -1.426224
B,  4.171817,  6.158880
A, -3.975873,  1.067714
A,  5.090836,  1.282453
B,  6.619740,  7.668374
B,  7.276052,  5.918408
A, -0.725921,  1.315897
A,  0.998579,  1.810171
A, -2.213710, -0.904407
B,  4.028889, 10.533549
A, -3.973148,  1.491155
B,  5.592454,  7.371472
B,  6.210281,  4.030976
A,  0.721640, -0.341648
B,  5.388085,  6.614456
B, -0.342236,  7.551775
B,  5.987828,  8.758936
B,  1.317548,  5.177304
B,  5.861777,  8.549679
A, -3.047380,  3.605771
B,  3.986346,  4.855633
B,  5.891427,  8.954159
A, -2.575712, -1.451750
A, -7.668483, -2.303200
A,  0.123183,  2.365251
A,-10.369079, -3.008591
A,  3.407155,  1.042847
A,  4.604600, -2.809595
A,  6.181306,  1.363351
A, -1.673089,  1.529972
A,  0.267212,  0.511809
A, -5.070307, -1.434379
A,  3.059852,  0.402579
A,  1.731139,  2.340975
A, -9.544137, -0.061647
A,  1.331034,  0.865763
A,  5.880174, -0.040880
A,  5.085550, -0.913686
B,  2.549095,  3.960914
A, -6.946738, -4.926318
B,  3.728112,  4.278172
B,  3.294052,  4.515201
A, -3.760186, -0.992183
B,  6.162235,  9.521405
B, -0.296062,  4.024815
A,  1.900315, -0.982573
A,  4.135929, -1.861348
B,  6.876220,  4.863892
A,  3.088421, -0.717297
A, -0.966902,  1.425421
A, -3.216476, -0.323974
B,  4.619119,  5.872567
A,  4.899964,  3.260192
B,  1.966740,  4.893712
B,  4.733356, 10.474551
A,  0.779615,  1.103422
B,  4.026897,  8.184517
A,  0.734911,  2.490896
B,  2.506842,  8.045552
A, -1.695477, -1.000161
A, -0.766485, -3.990790
B,  4.413813,  7.472715
A,  0.096065,  2.287466
A, -1.072189,  0.289741
B,  5.620242,  2.822609
B,  3.643848,  7.424266
B,  4.250045,  6.950975
A, -2.306512, -0.030463
B,  4.967493,  7.082119
B,  3.328795,  3.772860
A, -2.756135, -1.984491
A, -5.168972,  3.187984
A, -4.840178,  2.741326
B,  2.060516,  6.591391
A, -3.515073, -1.687856
B,  7.403798,  3.407599
A, -3.550039,  2.045079
B,  9.504991, 10.841166
A,  2.141676, -1.317116
B,  4.695695,  8.477738
B,  3.811606,  6.699572
B,  2.875746,  7.938364
B,  6.262534,  3.613570
B,  0.089670,  7.843541
B,  5.291475,  5.810937
A, -1.740243, -1.568853
A, -0.294847,  4.794107
B,  8.115728,  9.556648
B,  6.309635,  5.094068
A,  0.462118,  0.124813
A, -7.303631, -2.700650
B,  5.634437,  4.805060
A, -0.592775,  2.013177
A, -2.869547,  0.091986
B,  7.558255,  5.352126
B,  1.082870,  6.518870
A, -1.086575,  2.751724
A,  3.049082,  0.882151
B,  3.599672,  7.325329
A, -3.136839, -0.452469
B,  3.559432,  5.517991
A,  3.144860,  1.930120
A, -1.895612,  0.432040
B,  3.958289,  6.849518
B,  3.962990,  6.228868
B,  5.667573,  3.089708
B,  3.850416,  0.101441
B,  3.612382,  8.079654
B,  1.584327,  3.515096
B,  4.758350,  6.992313
B,  5.884939,  1.480010
B,  1.292135,  4.008298
B,  5.595957,  0.798385
B,  4.345614,  6.081438
A, -2.693449, -0.664677
A, -3.408210, -1.509712
A, -0.484711, -0.598147
A, -1.183644,  2.252851
A,  1.576726,  0.031961
A, -2.931391,  0.656627
B,  3.997596,  8.554870
B,  5.531068,  5.906812
A, -3.723272,  3.197565
A,  0.134150, -4.162422
A, -4.433812, -1.532161
B,  6.407889,  5.816450
A, -1.537067,  0.350142
A, -9.247940,  2.398466
B,  1.607435,  6.975147
B,  4.703623,  7.953612
B,  1.073386,  6.465781
B,  2.893539,  7.677063
A,  2.238197,  0.079728
B,  2.761895,  6.500815
B,  6.617088,  5.554606
A,  2.341735,  1.091523
B,  6.531086,  5.110197
B,  2.440516,  3.092185
A, -1.892471,  1.712022
A,  0.016485, -1.842333
B,  5.598842,  7.177206
B,  3.703322,  5.864105
A, -6.137769, -0.749079
A,  7.649575,  1.737789
B,  1.522355,  6.660790
B,  1.690120,  5.390579
A,  2.281606,  1.594015
B,  7.302147, 10.134634
B,  4.334520,  2.177420
A, -3.934885, -0.150729
A,  2.683920,  1.514835
B,  5.030428,  8.212294
B,  4.538458,  3.506752
B,  5.846913,  7.633287
B,  6.672778,  7.539806
B,  2.593253,  4.912375
B,  3.510014,  5.259981
A, -4.960432,  3.889208
A, -4.445244,  0.228042
B,  5.355140,  4.528684
A,  3.745646,  0.900349
B,  1.487947,  2.148820
B,  2.185850,  2.962151
A,  0.174957, -0.137755
B,  4.086938,  5.142551
A, -1.563532, -1.109952
A, -2.061073,  0.738033
A, -1.451938,  1.481536
A, -4.528891,  1.745486
B,  6.155809,  8.233026
B,  4.506085,  4.352691
A,  4.164409, -1.220798
B,  5.087649,  5.903567
B,  1.220102,  5.397757
A, -2.513977,  0.419582
A, -3.520820, -1.570440
B,  3.583450,  4.925491
A,  2.818472, -0.447597
B,  5.138011,  1.463326
B,  7.296089,  7.933613
B,  2.483827,  7.618563
B,  4.836956,  5.058250
A, -4.625056, -5.034429
A,  1.757985, -3.074009
B,  3.224079,  3.932195
A, -3.183497,  1.900308
B,  6.116946,  7.353141
A, -0.600086, -0.716686
A, -0.168203, -0.952506
A, -0.454066, -3.178712
B,  6.022364,  5.461174
B,  5.359408,  4.545855
B,  5.161087,  8.364291
A,  0.129580,  0.079937
B,  6.430167,  6.880947
A, -5.638627, -0.318504
A, -6.244536, -1.525751
A,  4.614587,  4.978400
A,  1.826198, -1.076723
A, -2.696065,  1.053430
A, -5.769248,  0.429044
A, -2.909915, -0.981010
A, -1.240926, -0.052649
B,  4.694758, 11.234225
A,  2.466733, -0.874268
B,  2.708451,  4.721757
A, -3.377219,  2.153293
B,  2.193698,  3.003848
A,  0.296452, -3.085151
A, 10.143895,  1.224532
B,  1.189693,  6.075597
B,  4.460763,  9.571894
A, -2.982353, -0.605902
A, -5.822480,  1.620929
B,  3.993980, 10.296727
B,  4.461410,  6.280227
A,  3.591551,  3.628410
A, -2.845042,  2.231124
A, -1.501668, -1.512836
B,  1.799841,  5.197746
B,  3.113143,  4.511713
A, -4.596561, -1.882125
A, -8.484189, -3.292425
B,  1.775345,  3.991368
B,  2.742691,  7.170737
A,  0.124953,  3.727583
B,  4.828854,  8.494916
A, -1.696515,  2.121298
A,  1.416388, -0.214449
A,  6.893405,  1.388161
A, -1.102676, -0.233786
A, -5.523726,  0.631509
B,  4.044622,  6.871525
A, -1.544341,  3.098752
A,  3.305849,  2.194351
B,  3.782514,  6.247258
B,  2.860484,  8.109167
B,  2.344570,  6.735888
B,  5.946689,  5.454109
A,  0.261825,  1.708352
A,  7.108729,  3.069791
B,  5.622154,  6.260175
B,  4.811196,  5.184629
A, -0.514587,  0.167030
A, -1.735683, -4.071051
A,  0.780234, -1.907499
B,  5.635823,  5.713482
B,  0.359199,  5.378884
B,  6.379395,  6.171621
A, -6.818899, -2.430443
B,  3.573335,  4.596116
B,  6.109073, 11.867678
B,  6.226992,  8.921100
B,  6.348654,  9.807292
A, -2.404913, -1.504278
B,  6.242115,  3.166991
B,  3.958792,  8.065081
B,  2.186534,  2.041070
A,  1.674371, -0.997411
A, -4.693299, -0.233849
A, -2.683581,  2.323100
B,  3.905899,  7.063261
B,  0.924878,  4.787927
A, -1.178750, -1.117056
A, -9.475955,  2.213918
A,-11.895322,  2.046134
A,  1.413683,  1.670546
A, -5.116021,  0.776443
A, -5.850158,  0.428133
A,  2.728639, -0.010416
A,  0.998293,  0.612695
A,  6.004478,  2.191204
A,  0.361920, -4.495440
A, -2.829052,  1.100941
A, -6.137313, -0.635988
A,  0.844767, -2.103462
B,  3.697171, 10.153935
A, -3.230115, -1.058239
B,  4.137288,  7.193404
B,  6.271549,  8.223105
B,  0.848418,  3.879510
A, 14.248114,  1.790201
A, -8.918330,  2.797021
A, -5.114495, -0.812276
A, -1.145138, -1.625202
A, -2.906392,  3.087999
A, -4.756260, -1.131957
A, -2.517112,  1.144484
B,  6.520556,  5.777670
A,  0.934446, -1.256667
A,  7.839716,  0.179784
B,  4.127492,  4.247836
B,  4.211683,  5.808906
B,  2.334261,  3.951003
A, -2.090931, -1.662173
A, -5.292265, -0.729721
A, -5.140572,  0.987443
A, -4.983866, -1.059910
B,  5.337532,  5.364150
B,  4.277478,  5.718976
A, -1.216101,  1.861839
B,  7.823648, 10.089144
A,  1.967229,  0.071822
B,  2.996477,  5.464301
B,  3.083045,  1.317103
A,  0.100436, -0.162233
A, -1.380834,  0.116252
B,  4.151516,  5.392747
B, -0.082761,  5.584353
A, -0.964309,  1.689588
A,  2.270560, -0.244755
A, -3.712158, -0.744611
B,  4.416594,  7.469439
B,  3.285033,  6.631357
B,  1.677888,  4.356668
A,  0.620450, -0.602456
B,  3.867604,  7.163434
B,  4.575646, 10.494229
B,  4.589902,  6.838949
A, -6.417026,  4.355487
A, -4.215653, -1.444665
A, -4.825206, -3.075826
A,  3.826770,  0.426995
A,  0.239717, -0.657007
B,  4.482978,  8.614498
B,  2.780279,  5.147859
B,  7.114755,  7.571045
B,  1.645055,  7.196417
A, -0.270224, -0.032445
A,  1.372152,  0.061140
A,  0.723721, -0.032992
B,  7.874519,  6.434667
B,  3.822905,  7.877616
B,  2.268012,  4.299412
B,  5.053789,  6.246807
B,  6.225718,  8.272383
A,  0.470495, -1.080698
B,  3.956466,  9.795998
A,  8.952283,  1.091636
A,  2.358651, -0.931147
A,  4.874730, -2.098920
B,  0.808650,  1.493528
B,  6.103506,  7.408397
A,  2.503075, -1.199330
A, -2.367072, -3.791543
A, -2.030044, -1.333224
B,  1.298637,  3.831745
B,  4.061109,  0.908670
A, -3.907446, -0.887495
A,  6.973312,  2.650597
B,  4.534980, 10.412217
A,  0.638629,  2.323691
A,  4.092042, -2.608073
B,  0.808617, -0.172345
B,  8.282850,  6.194423
A,  0.291243, -0.069657
B,  5.928310,  6.814775
B,  4.822393,  8.493110
A,  8.445039,  0.487615
B,  1.452525,  6.355415
A, -3.895393, -2.508077
A,  3.271072,  1.013972
A, -7.489993,  0.350626
B,  6.123421,  4.052030
A,  8.426757, -0.515630
B,  1.007214,  7.619113
B,  7.240205,  6.080356
B,  4.253919,  3.155323
B,  4.487680,  7.232212
A,  2.205822, -2.782938
B,  3.771768,  5.399811
B,  4.521185,  4.429508
B,  4.759315,  6.324416
A, 10.736235,  1.500471
B,  2.517387,  7.450437
B,  7.027889,  4.249036
A, -0.433252, -0.812063
B,  5.056161,  6.831168
A,  5.200768,  2.628921
B,  2.270944,  2.867712
A,  4.881643,  0.139268
B,  7.040760,  5.121064
A,  6.061099,  1.201863
A,  3.529795,  2.135877
A,  0.354154,  0.549168
A,  1.372195,  4.395609
B,  4.970396,  3.672671
B,  6.784675,  4.531632
B,  6.125931,  7.634622
B,  3.604679,  1.072417
A,  1.467375,  0.531079
B,  4.595387,  5.184626
A, -0.235538, -0.821893
A, -2.231047,  0.034639
A,  1.309080,  3.711212
A, -2.928199,  1.067769
B,  3.245428,  3.587050
A, -7.499831, -0.423681
B,  3.749210,  6.695959
A, -6.913601, -1.919496
B,  5.097451,  5.850511
B,  4.202811,  6.921676
B,  6.017271,  8.490416
B,  4.682106,  2.573405
A,  7.974493, -1.614043
B,  5.346504,  5.816800
A,  0.179231, -0.135127
B,  3.175405,  4.246507
B,  5.131877,  8.153414
B,  8.040099,  4.668210
A,  4.965678,  0.839480
A,-10.310252, -2.011072
B,  2.524443,  6.492399
B,  4.968462,  3.611495
B,  5.143964, 11.145934
B,  6.288303,  7.541543
B,  4.083933,  3.385220
A, -1.411323, -0.398950
A, -6.519323, -2.183189
B,  2.349211,  2.259315
B,  6.151361,  5.480375
A, -2.300815,  1.538800
A, -2.589397, -1.273845
B,  4.832571,  5.512274
A, -1.711472, -0.800420
A,  0.071102, -0.503317
A, -4.349241, -1.084856
A,  2.397257,  4.286991
A, -3.665180, -1.413012
A,  3.989615,  0.363778
B,  0.676540,  4.944358
A,  1.366800, -0.975146
A, -4.049556, -1.135220
B,  1.552265,  6.002639
A,  3.709266, -1.377810
B,  3.810215,  6.251465
B,  5.077332,  3.000695
A, -2.144662, -1.164952
B,  3.315633,  8.058112
A, -0.321255, -2.633496
A, -1.903724,  2.762527
B,  5.789349,  3.786458
B,  3.870447,  5.077315
B,  4.372972,  8.048590
B,  5.145280,  4.713395
A,  2.184131,  0.179656
A,  8.198040,  4.332109
A,  3.072686, -0.854868
B,  4.871689,  6.618318
B,  1.125528,  4.477489
B,  4.606262,  3.280336
A, -5.490867, -0.115208
B,  4.464484,  7.684756
A,  5.150855,  0.731914
A, -5.688528, -0.889026
B,  4.001431,  6.955603
B,  6.917828,  5.980006
A,  4.798410,  0.204088
A, -4.073862,  0.134907
B,  6.345420,  7.332010
B,  3.282546, 14.036224
A, -3.572089, -1.624468
B,  6.822056,  3.050207
A, -2.738252, -2.607596
A,  0.206455,  0.439033
B,  3.587786,  5.064904
A, -5.951185, -2.831845
B,  1.939964,  4.575599
B,  4.200747,  6.772793
B,  2.856726,  8.896774
A, -1.770310,  2.464712
A, -1.550689, -2.830391
B,  5.205879,  2.951509
B,  2.918650,  5.773680
B,  4.235940,  7.779040
A, -7.516327, -1.989460
B,  4.104860,  5.688407
A,  2.876147,  0.777879
A,  9.789501, -1.874630
A, -2.663560,  1.211189
A,  3.791177,  1.120339
B,  7.061471,  9.675658
B,  4.137695,  3.097015
B,  3.991078,  5.426426
A,  1.673215, -2.759177
B,  2.196368,  6.927591
B,  7.508276,  5.338379
B,  4.771158,  8.394756
B,  2.483748,  4.024736
A, -0.944531, -0.184700
A, -0.536474, -0.128132
B,  6.077157,  4.677050
A, -3.632913,  3.357170
A, -3.210944,  2.539756
B,  4.366992,  6.584075
B,  4.303918,  5.092427
B,  2.973018,  6.836694
B,  0.862621,  4.737871
B,  7.232977,  7.329133
A,  0.014902, -0.075396
B,  5.281305,  4.495104
B,  6.397242,  9.540437
A, -3.159921, -1.224941
B, -1.654909,  3.931522
B,  2.946900,  5.751600
A, -2.652225, -0.646291
B,  3.756250,  6.865287
B,  6.766211,  9.385174
B,  5.055926,  4.483022
B,  1.693894,  2.421195
B,  0.509191,  3.311283
B,  2.856152,  0.631092
A,  9.470142,  2.157903
B,  4.059318,  7.058932
A, -4.049066,  1.521655
A, -2.227443, -3.311832
A, -0.168552,  0.068306
A,  5.571734,  1.181263
A,  2.749356,  1.436497
B,  6.740004, 10.336197
A, -1.888460, -1.173537
B,  4.746772,  4.240720
B,  3.639165,  8.427100
A, -2.038263,  0.267833
B,  6.549292,  7.061014
A, -0.248404, -2.184548
A, -3.048235, -4.057767
A,  3.107768,  0.821951
B,  2.722903,  5.019745
A, -4.739053,  0.772165
A, -2.918452, -1.437437
B,  2.936928,  7.088176
B,  2.605594,  5.723760
A,  3.794879,  1.680586
A, -4.783028, -2.680311
A,  0.360688, -0.614308
B,  6.217608,  7.677032
B,  4.851804,  5.772463
B,  4.952587,  5.047613
B,  6.404526, 11.108360
B,  6.760507,  9.797940
A, -3.624963, -1.757361
A, -2.228838, -2.438904
A,  3.593720, -0.806684
A, -0.270940,  0.053418
B,  5.508585,  5.472714
B,  6.346275,  5.275648
A, -7.308324,  0.025300
A,  4.864159,  0.682585
B,  4.243835,  3.391039
B,  3.020270,  6.636380
A, -3.294623,  1.114898
A,  1.275553,  0.572377
B,  3.721156,  2.963928
B,  5.160810,  7.882963
B,  4.341442,  5.644491
A,  5.331773, -0.901093
B,  2.301808,  5.192039
A, -0.112720, -1.433203
A, -4.363711,  3.228736
B,  5.124851,  1.968357
B,  2.155415,  4.960226
B,  3.405683,  1.369466
A,  0.468484,  0.567887
A,  2.913560,  1.534810
A, -2.437775, -0.916465
B,  2.185131,  5.002623
B,  2.976202,  5.224458
B,  1.517156,  5.488674
B,  1.257758,  7.290280
B,  8.625675,  4.841311
A,  0.396367,  0.194146
A, -1.989440,  1.571906
B,  2.819128,  7.186915
A, -1.500404, -1.177632
B,  7.007585,  7.435188
A, -2.586112, -0.507530
B,  2.394138,  4.479977
A, -0.646090, -1.453307
B,  3.324077,  4.211848
A,  4.284153, -0.572653
A,  2.816723, -0.449666
A,  7.629229, -1.754933
B,  4.492837,  7.057648
A,  1.303254,  0.021989
A, -4.607919,  0.592092
B,  4.254069, 11.062158
A,  4.328340,  0.783625
A,  2.881373,  1.519814
A,  2.431945,  0.502668
A, -3.634994,  1.599560
A,  0.901514, -0.405430
B,  2.337678,  4.781237
A, -7.554219, -0.505564
A,-10.566464,  3.008624
B,  1.098774, 10.118621
